{"initial_reset_timestamp": 1642306627.728508, "timestamps": [1642306632.0495749], "episode_lengths": [200], "episode_rewards": [200.0], "episode_types": ["t", "t"]}